<?xml version="1.0" encoding="UTF-8"?>
<annuaire xmlns="http://cerbere.application.i2/schemas/CerbereBouchonSchema/2"
        xmlns:xsi="http://www.w3.org/2001/XMLSchema-instance"
        xsi:schemaLocation="http://cerbere.application.i2/schemas/CerbereBouchonSchema/2 referentiel.xsd">

    <!-- L I S T E  D E S  S E R V I C E S ,  E N T R E P R I S E S  E T 
        U T I L I S A T E U R S  D U  S Y S T E M E -->
    <entites racine="fr">
        <entite nom="equipement">
            <entite nom="AC">
                <entite nom="SG" estUnService="1">
                    <entite nom="A">
                        <entite nom="A1">
                            <utilisateurs>
                                <utilisateur mel="alain.martin-sg@developpement-durable.gouv.fr">
                                    <civilite>M</civilite>
                                    <nom>Martin-Sg</nom>
                                    <prenom>Alain</prenom>
                                    <identifiant>alain.martin-sg</identifiant>
                                    <passe>bouchon</passe>
                                    <matricule>EQUTRH000000001</matricule>
                                    <tel>+33 111111111</tel>
                                    <mobile>+33 666666666</mobile>
                                    <fax>+33 122222222</fax>
                                    <bureau>B01</bureau>
                                </utilisateur>
                            </utilisateurs>
                        </entite>
                        <entite nom="A2">
                            <utilisateurs>
                                <utilisateur mel="sophie.dupond-sg@developpement-durable.gouv.fr">
                                    <civilite>F</civilite>
                                    <nom>Dupond-Sg</nom>
                                    <prenom>Sophie</prenom>
                                    <identifiant>sophie.dupond-sg</identifiant>
                                    <passe>bouchon</passe>
                                    <matricule>EQUTRH000000002</matricule>
                                    <tel>+33 111111111</tel>
                                    <mobile>+33 666666666</mobile>
                                    <fax>+33 122222222</fax>
                                </utilisateur>
                            </utilisateurs>
                        </entite>
                    </entite>
                    <entite nom="B">
                        <entite nom="B1">
                            <utilisateurs>
                                <utilisateur mel="marc.durand-sg@developpement-durable.gouv.fr">
                                    <civilite>M</civilite>
                                    <nom>Durand-Sg</nom>
                                    <prenom>Marc</prenom>
                                    <identifiant>marc.durand-sg</identifiant>
                                    <passe>bouchon</passe>
                                    <matricule>EQUTRH000000003</matricule>
                                    <tel>+33 111111111</tel>
                                    <mobile>+33 666666666</mobile>
                                    <fax>+33 122222222</fax>
                                </utilisateur>
                            </utilisateurs>
                        </entite>
                    </entite>
                </entite>
            </entite>
            <entite nom="DR">
                <entite nom="DREAL Alsace" estUnService="1">
                    <entite nom="A">
                        <entite nom="A1">
                            <utilisateurs>
                                <utilisateur mel="alain.martin-alsace@developpement-durable.gouv.fr">
                                    <civilite>M</civilite>
                                    <nom>Martin-Alsace</nom>
                                    <prenom>Alain</prenom>
                                    <identifiant>alain.martin-alsace</identifiant>
                                    <passe>bouchon</passe>
                                    <matricule>EQUTRH000000004</matricule>
                                    <tel>+33 111111111</tel>
                                    <mobile>+33 666666666</mobile>
                                    <fax>+33 122222222</fax>
                                </utilisateur>
                            </utilisateurs>
                        </entite>
                    </entite>
                </entite>
                <entite nom="DREAL Aquitaine" estUnService="1">
                    <entite nom="A">
                        <entite nom="A1">
                            <utilisateurs>
                                <utilisateur mel="sophie.dupond-aquitaine@developpement-durable.gouv.fr">
                                    <civilite>F</civilite>
                                    <nom>Dupond-Aquitaine</nom>
                                    <prenom>Sophie</prenom>
                                    <identifiant>sophie.dupond-aquitaine</identifiant>
                                    <passe>bouchon</passe>
                                    <matricule>EQUTRH000000008</matricule>
                                    <tel>+33 111111111</tel>
                                    <mobile>+33 666666666</mobile>
                                    <fax>+33 122222222</fax>
                                </utilisateur>
                            </utilisateurs>
                        </entite>
                    </entite>
                </entite>
            </entite>
            <entite nom="DDEA">
                <entite nom="DDT 01" estUnService="1">
                    <entite nom="A">
                        <entite nom="A1">
                            <utilisateurs>
                                <utilisateur mel="alain.martin-ain@equipement-agriculture.gouv.fr">
                                    <civilite>M</civilite>
                                    <nom>Martin-Ain</nom>
                                    <prenom>Alain</prenom>
                                    <identifiant>alain.martin-ain</identifiant>
                                    <passe>bouchon</passe>
                                    <matricule>EQUTRH000000010</matricule>
                                    <tel>+33 111111111</tel>
                                    <mobile>+33 666666666</mobile>
                                    <fax>+33 122222222</fax>
                                </utilisateur>
                            </utilisateurs>
                        </entite>
                    </entite>
                </entite>
                <entite nom="DDT 02" estUnService="1">
                    <entite nom="A">
                        <entite nom="A1">
                            <utilisateurs>
                                <utilisateur mel="sophie.dupond-aisne@equipement-agriculture.gouv.fr">
                                    <civilite>F</civilite>
                                    <nom>Dupond-Aisne</nom>
                                    <prenom>Sophie</prenom>
                                    <identifiant>sophie.dupond-aisne</identifiant>
                                    <passe>bouchon</passe>
                                    <matricule>EQUTRH000000014</matricule>
                                    <tel>+33 111111111</tel>
                                    <mobile>+33 666666666</mobile>
                                    <fax>+33 122222222</fax>
                                </utilisateur>
                            </utilisateurs>
                        </entite>
                    </entite>
                </entite>
            </entite>
        </entite>
        <entite nom="Externes">
            <entite nom="Particuliers" estUnService="1">
                <utilisateurs>
                    <utilisateur mel="alain.martin-part@martin-part.com" estVerifie="0">
                        <civilite>M</civilite>
                        <nom>Martin-Part</nom>
                        <prenom>Alain</prenom>
                        <identifiant>alain.martin-part@martin-part.com</identifiant>
                        <passe>bouchon</passe>
                        <adresse>
                            <rue>10 rue des pins</rue>
                            <codepostal>33000</codepostal>
                            <ville>Bordeaux</ville>
                            <pays>FR</pays>
                        </adresse>
                    </utilisateur>
                </utilisateurs>
            </entite>
            <entite nom="Professionnels Francais ">
                <entite nom="SOC NAT DES CHEMINS DE FER FRANCAIS " SIREN="552049447" estUnService="1">
                    <adresse>
                        <rue>34 RUE DU CDT RENE MOUCHOTTE</rue>
                        <codepostal>75014 PARIS 14</codepostal>
                        <ville>PARIS 14</ville>
                        <pays>FR</pays>
                    </adresse>
                    <utilisateurs>
                        <utilisateur mel="sophie.dupond-sncf@sncf.com">
                            <civilite>F</civilite>
                            <nom>Dupond-Sncf</nom>
                            <prenom>Sophie</prenom>
                            <identifiant>sophie.dupond-sncf@sncf.com</identifiant>
                            <passe>bouchon</passe>
                        </utilisateur>
                    </utilisateurs>
                </entite>
            </entite>
        </entite>
    </entites>
    
    <!-- L I S T E  D E S  A P P L I C A T I O N S  E T  D E  L E U R S
        P R O F I L S -->
    <applications>
        <application applicationId="cerbere-test">
            <profils-app>
                <profil-app nom="ADMINISTRATEUR"/>
                <profil-app nom="GESTIONNAIRE"/>
                <profil-app nom="LECTEUR"/>
            </profils-app>
        </application>
    </applications>
    
    <!-- L I S T E  D E S  D R O I T S  S U R  L'A P P L I C A T I O N
        Les droits sont affectÃ©s par utilisateur. Chaque utilisateur est
        identifiÃ© de faÃ§on unique par son mel et contient plusieurs profils.
        Un profil est caractÃ©risÃ© par :
        - son profil d'application associÃ© [**obligatoire**]
        - une portÃ©e de service [facultatif]
        - une restriction libre [facultatif]
    -->
    <habilitations applicationId="cerbere-test">
        <habilitation mel="alain.martin-sg@developpement-durable.gouv.fr">
            <profil nom="ADMINISTRATEUR" />
        </habilitation>
        <habilitation mel="sophie.dupond-aquitaine@developpement-durable.gouv.fr">
            <profil nom="GESTIONNAIRE">
                <portee>DREAL Aquitaine</portee>
                <restriction>R1</restriction>
            </profil>
            <profil nom="GESTIONNAIRE">
                <portee>SIREN 552049447</portee>
                <restriction>R2</restriction>
            </profil>
        </habilitation>
        <habilitation mel="sophie.dupond-sncf@sncf.com">
            <profil nom="GESTIONNAIRE">
                <portee>SIREN 552049447</portee>
                <restriction>R1</restriction>
            </profil>
        </habilitation>
        <habilitation mel="alain.martin-part@martin-part.com">
            <profil nom="LECTEUR" />
        </habilitation>
    </habilitations>
</annuaire>

